Tujuan,SKU,Nama Produk,Qty
Rak Riject,AB12,AB12,8
Rak Riject,AB07-BORDIR,AB07 BORDIR,0
Rak Riject,AB83-BORDIR,AB83 BORDIR,7
Rak Riject,A105,A105,2
Rak Riject,AB12-ON-MODEL,AB12 ON MODEL,24
Rak Riject,A106,A106,0
Rak Riject,AT77,AT77,19
Rak Riject,AT67,AT67,2
Rak Riject,AB07,AB07,4
Rak Riject,AB83,AB83,1
Rak Riject,AB94,AB94,0
Rak Riject,AT92,AT92,0
Rak Riject,AB70-BORDIR,AB70 BORDIR,5
Rak Riject,V04,V04,2
Rak Riject,A100,A100,0
Rak Riject,CELANA-KATUN,CELANA KATUN,0
Rak Riject,ST01,ST01,2
Rak Riject,AT65 JUMBO,AT65 JUMBO,1
Rak Riject,AT65,AT65,1
Rak Riject,A108,A108,0
Rak Riject,V03,V03,0
Rak Riject,OB,OB,0
Rak Riject,AB12 JUMBO,AB12 JUMBO,0
Rak Riject,A107,A107,0
Rak Riject,RIJECT-PERBAIKAN,RIJECT PERBAIKAN,0
Rak Riject,AB70,AB70,0
Rak Riject,A104,A104,0
Rak Riject,AT-109,AT-109,0
Rak Riject,ROK-03,ROK-03,0
Rak Riject,ST02,ST02,3
Rak Riject,AB07-BLAZE,AB07 BLAZE,0
Rak Riject,B-05,B-05,0
Rak Riject,AB28,AB28,6
Rak Riject,V01,V01,2
Rak Riject,AT90,AT90,0
Rak Riject,AB12-SHANGHAI,AB12 SHANGHAI,0
Rak Riject,AB98,AB98,0
Rak Riject,A101,A101,1
Rak Riject,AB12-Renda,AB12 Renda,0
Rak Riject,AB12-BLAZE,AB12 BLAZE,0
Rak Riject,A102,A102,0
Rak Riject,A107-Renda,A107 Renda,0
Rak Riject,AT92-BLAZE,AT92 BLAZE,1
Rak Riject,AB94-Renda,AB94 Renda,0
Rak Riject,A101-BLAZE,A101 BLAZE,0
Rak Riject,AB70-BLAZE,AB70 BLAZE,0
Rak Riject,AB97,AB97,0
Rak Riject,AT36,AT36,0
Rak Riject,AB09,AB09,0
Rak Riject,ROK-02,ROK-02,0
Rak Riject,AT75,AT75,0
Rak Riject,AT79,AT79,0
Rak Riject,A102-BORDIR,A102 BORDIR,0
Rak Riject,AT68,AT68,0
Rak Riject,AT64,AT64,0
Rak Riject,A103,A103,0
Rak Riject,AB16,AB16,1
Rak Riject,AT66,AT66,0
Rak Riject,AT77-BLAZE,AT77 BLAZE,0
Rak Riject,AB85,AB85,0
Rak Riject,AT77-BORDIR,AT77 BORDIR,1
Rak Riject,A104-BORDIR,A104 BORDIR,0
Rak Riject,AB12-BORDIR,AB12 BORDIR,0
Rak Riject,AC03,AC03,0
Rak Riject,AC05,AC05,0
Rak Riject,AC07,AC07,0
Rak Riject,AG01,AG01,0
Rak Riject,AG02,AG02,0
Rak Riject,ROK-01,ROK-01,0
Gudang Riject Perbaikan,AB12,AB12,57
Gudang Riject Perbaikan,AB07-BORDIR,AB07 BORDIR,5
Gudang Riject Perbaikan,AB83-BORDIR,AB83 BORDIR,6
Gudang Riject Perbaikan,A105,A105,2
Gudang Riject Perbaikan,AB12-ON-MODEL,AB12 ON MODEL,52
Gudang Riject Perbaikan,A106,A106,0
Gudang Riject Perbaikan,AT77,AT77,75
Gudang Riject Perbaikan,AT67,AT67,13
Gudang Riject Perbaikan,AB07,AB07,26
Gudang Riject Perbaikan,AB83,AB83,4
Gudang Riject Perbaikan,AB94,AB94,2
Gudang Riject Perbaikan,AT92,AT92,0
Gudang Riject Perbaikan,AB70-BORDIR,AB70 BORDIR,9
Gudang Riject Perbaikan,V04,V04,0
Gudang Riject Perbaikan,A100,A100,0
Gudang Riject Perbaikan,CELANA-KATUN,CELANA KATUN,0
Gudang Riject Perbaikan,ST01,ST01,1
Gudang Riject Perbaikan,AT65 JUMBO,AT65 JUMBO,0
Gudang Riject Perbaikan,AT65,AT65,17
Gudang Riject Perbaikan,A108,A108,0
Gudang Riject Perbaikan,V03,V03,2
Gudang Riject Perbaikan,OB,OB,0
Gudang Riject Perbaikan,AB12 JUMBO,AB12 JUMBO,0
Gudang Riject Perbaikan,A107,A107,0
Gudang Riject Perbaikan,RIJECT-PERBAIKAN,RIJECT PERBAIKAN,0
Gudang Riject Perbaikan,AB70,AB70,1
Gudang Riject Perbaikan,A104,A104,0
Gudang Riject Perbaikan,AT-109,AT-109,0
Gudang Riject Perbaikan,ROK-03,ROK-03,0
Gudang Riject Perbaikan,ST02,ST02,5
Gudang Riject Perbaikan,AB07-BLAZE,AB07 BLAZE,0
Gudang Riject Perbaikan,B-05,B-05,0
Gudang Riject Perbaikan,AB28,AB28,14
Gudang Riject Perbaikan,V01,V01,0
Gudang Riject Perbaikan,AT90,AT90,0
Gudang Riject Perbaikan,AB12-SHANGHAI,AB12 SHANGHAI,6
Gudang Riject Perbaikan,AB98,AB98,1
Gudang Riject Perbaikan,A101,A101,0
Gudang Riject Perbaikan,AB12-Renda,AB12 Renda,0
Gudang Riject Perbaikan,AB12-BLAZE,AB12 BLAZE,0
Gudang Riject Perbaikan,A102,A102,1
Gudang Riject Perbaikan,A107-Renda,A107 Renda,0
Gudang Riject Perbaikan,AT92-BLAZE,AT92 BLAZE,1
Gudang Riject Perbaikan,AB94-Renda,AB94 Renda,0
Gudang Riject Perbaikan,A101-BLAZE,A101 BLAZE,0
Gudang Riject Perbaikan,AB70-BLAZE,AB70 BLAZE,0
Gudang Riject Perbaikan,AB97,AB97,0
Gudang Riject Perbaikan,AT36,AT36,2
Gudang Riject Perbaikan,AB09,AB09,1
Gudang Riject Perbaikan,ROK-02,ROK-02,1
Gudang Riject Perbaikan,AT75,AT75,0
Gudang Riject Perbaikan,AT79,AT79,2
Gudang Riject Perbaikan,A102-BORDIR,A102 BORDIR,0
Gudang Riject Perbaikan,AT68,AT68,0
Gudang Riject Perbaikan,AT64,AT64,6
Gudang Riject Perbaikan,A103,A103,1
Gudang Riject Perbaikan,AB16,AB16,3
Gudang Riject Perbaikan,AT66,AT66,0
Gudang Riject Perbaikan,AT77-BLAZE,AT77 BLAZE,4
Gudang Riject Perbaikan,AB85,AB85,0
Gudang Riject Perbaikan,AT77-BORDIR,AT77 BORDIR,1
Gudang Riject Perbaikan,A104-BORDIR,A104 BORDIR,0
Gudang Riject Perbaikan,AB12-BORDIR,AB12 BORDIR,0
Gudang Riject Perbaikan,AC03,AC03,0
Gudang Riject Perbaikan,AC05,AC05,0
Gudang Riject Perbaikan,AC07,AC07,0
Gudang Riject Perbaikan,AG01,AG01,0
Gudang Riject Perbaikan,AG02,AG02,0
Gudang Riject Perbaikan,ROK-01,ROK-01,0
